City_ID,City,Lat,Lng,Max Temp,Humidity,Cloudiness,Wind Speed,Country,Date
0,puerto ayora,-0.7393,-90.3518,297.29,87,35,3.3,EC,1702257885
1,gagliano del capo,39.8442,18.3695,282.83,93,89,5.66,IT,1702257885
2,pirane,-25.7324,-59.1088,293.77,83,0,1.86,AR,1702257885
3,sihanoukville,10.6093,103.5296,300.12,89,40,2.06,KH,1702257885
4,longyearbyen,78.2186,15.6401,273.06,74,75,5.66,SJ,1702257784
5,atafu village,-8.5421,-172.5159,301.93,76,100,6.05,TK,1702257885
6,blackmans bay,-43.0167,147.3167,295.66,52,8,0.89,AU,1702257885
7,ibotirama,-12.1853,-43.2206,300.19,39,76,1.32,BR,1702257885
8,naraina,26.7833,75.2,285.98,35,0,1.53,IN,1702257885
9,udachny,66.4167,112.4,247.08,95,100,5.35,RU,1702257770
10,tidjikja,18.5564,-11.4271,292.61,24,4,6.63,MR,1702257761
11,tura,25.5198,90.2201,287.14,62,0,1.43,IN,1702257771
12,waitangi,-43.9535,-176.5597,284.79,59,0,2.24,NZ,1702257755
13,port mathurin,-19.6833,63.4167,299.21,76,100,3.69,MU,1702257759
14,boquira,-12.8231,-42.7306,296.32,53,1,2.48,BR,1702257886
15,enewetak,11.3474,162.3373,300.87,76,100,8.19,MH,1702257764
16,port-aux-francais,-49.35,70.2167,277.16,79,74,9.47,TF,1702257754
17,makokou,0.5738,12.8642,294.97,96,100,1.23,GA,1702257886
18,tchintabaraden,15.8969,5.7985,290.67,25,0,7.14,NE,1702257795
19,yellowknife,62.456,-114.3525,261.44,92,100,8.23,CA,1702257534
20,wailua homesteads,22.0669,-159.378,299.59,79,20,4.12,US,1702257886
21,pokhara,28.2333,83.9833,284.8,51,5,2.02,NP,1702257303
22,northam,51.0333,-4.2167,285.18,86,56,11.65,GB,1702257886
23,ribeira grande,38.5167,-28.7,290.8,72,100,8.05,PT,1702257816
24,tshabong,-26.05,22.45,293.26,21,4,3.53,BW,1702257886
25,mount pearl,47.5166,-52.7813,271.66,91,0,3.6,CA,1702257598
26,olonkinbyen,70.9221,-8.7187,269.39,61,100,3.9,SJ,1702257767
27,bredasdorp,-34.5322,20.0403,288.29,82,0,1.24,ZA,1702257775
28,invercargill,-46.4,168.35,289.45,46,39,6.72,NZ,1702257759
29,usinsk,65.9939,57.5281,244.3,100,100,0.45,RU,1702257794
30,hawaiian paradise park,19.5933,-154.9731,298.72,93,100,1.54,US,1702257886
31,mount isa,-20.7333,139.5,302.02,39,5,6.17,AU,1702257886
32,margaret river,-33.95,115.0667,295.46,31,0,3.6,AU,1702257810
33,cafayate,-26.073,-65.9761,291.6,81,100,3.65,AR,1702257633
34,puerto natales,-51.7236,-72.4875,279.55,87,63,2.06,CL,1702257887
35,kapuskasing,49.4169,-82.4331,267.2,86,100,4.63,CA,1702257766
36,whitehorse,60.7161,-135.0538,260.58,83,100,2.06,CA,1702257529
37,bilibino,68.0546,166.4372,247.27,98,34,2.14,RU,1702257754
38,papatowai,-46.5619,169.4708,290.61,43,83,6.23,NZ,1702257762
39,iqaluit,63.7506,-68.5145,269.0,79,100,5.66,CA,1702257760
40,chinde,26.8418,88.0763,279.32,75,0,1.84,NP,1702257887
41,poronaysk,49.2167,143.1167,258.71,66,18,4.53,RU,1702257887
42,salalah,17.0151,54.0924,294.2,43,0,2.57,OM,1702257573
43,tolanaro,-25.0319,46.9987,298.19,94,20,7.2,MG,1702257809
44,ancud,-41.8697,-73.8203,285.41,87,100,2.16,CL,1702257569
45,nova sintra,14.8667,-24.7167,296.12,74,100,3.81,CV,1702257887
46,rio grande,-32.035,-52.0986,293.12,88,97,8.14,BR,1702257684
47,aracruz,-19.8203,-40.2733,296.71,89,77,1.19,BR,1702257651
48,constantia,44.1833,28.65,273.54,85,93,4.22,RO,1702257765
49,konnur,16.2,74.75,293.15,62,11,2.13,IN,1702257887
50,grytviken,-54.2811,-36.5092,278.77,93,100,6.73,GS,1702257536
51,vorgashor,67.5833,63.95,248.2,100,100,3.55,RU,1702257533
52,kodiak,57.79,-152.4072,278.88,87,100,6.17,US,1702257695
53,morrope,-6.5417,-80.0111,294.21,75,1,6.83,PE,1702257888
54,mutuali,-14.8706,37.0044,296.54,74,92,2.14,MZ,1702257888
55,aras-asan,8.8908,126.3033,300.91,73,100,1.83,PH,1702257888
56,petropavlovsk-kamchatsky,53.0452,158.6483,274.48,95,75,6.71,RU,1702257755
57,santa cruz,-17.8,-63.1667,299.85,69,75,4.63,BO,1702257736
58,debark',13.1561,37.8981,283.22,48,5,1.13,ET,1702257598
59,college,64.8569,-147.8028,250.07,75,75,0.0,US,1702257756
60,tiksi,71.6872,128.8694,247.52,100,100,2.16,RU,1702257762
61,kingscliff,-28.2667,153.5667,302.44,51,75,5.14,AU,1702257888
62,adamstown,-25.066,-130.1015,294.44,57,0,3.19,PN,1702257533
63,georgetown,5.4112,100.3354,302.11,83,20,2.57,MY,1702257544
64,banganapalle,15.3167,78.2333,292.98,74,64,2.08,IN,1702257888
65,mahibadhoo,3.7833,72.9667,301.55,75,100,3.26,MV,1702257888
66,edinburgh of the seven seas,-37.0676,-12.3116,286.83,70,97,7.42,SH,1702257888
67,coquimbo,-29.9533,-71.3436,289.0,77,0,1.54,CL,1702257888
68,pago pago,-14.2781,-170.7025,302.7,89,75,1.54,AS,1702257888
69,hamilton,39.1834,-84.5333,274.69,80,100,5.14,US,1702257755
70,port alfred,-33.5906,26.891,289.92,94,45,1.45,ZA,1702257888
71,maridi,4.9158,29.4742,295.45,65,64,1.86,SS,1702257889
72,kailua-kona,19.6406,-155.9956,301.13,78,40,2.57,US,1702257771
73,port elizabeth,-33.918,25.5701,288.2,92,0,2.06,ZA,1702257889
74,upington,-28.4478,21.2561,293.36,34,0,4.12,ZA,1702257889
75,yuzhno-kurilsk,44.0306,145.8556,273.91,76,99,6.37,RU,1702257889
76,badger,64.8,-147.5333,250.02,74,0,0.0,US,1702257768
77,podporozh'ye,60.9112,34.1706,262.01,94,100,2.84,RU,1702257889
78,albany,42.6001,-73.9662,281.02,91,100,2.24,US,1702257582
79,hermanus,-34.4187,19.2345,289.13,81,0,4.02,ZA,1702257769
80,sakakah,29.9697,40.2064,286.91,49,100,4.46,SA,1702257889
81,qaqortoq,60.7167,-46.0333,263.1,74,10,2.0,GL,1702257553
82,sheridan,44.8333,-106.9173,274.36,62,0,1.54,US,1702257851
83,treinta y tres,-33.2333,-54.3833,288.63,96,0,3.23,UY,1702257889
84,afaahiti,-17.75,-149.2833,303.08,82,76,11.11,PF,1702257761
85,keflavik,64.0049,-22.5624,275.39,93,100,4.12,IS,1702257755
86,aconibe,1.2968,10.9369,293.82,98,100,0.85,GQ,1702257889
87,inhambane,-23.865,35.3833,298.77,92,70,4.72,MZ,1702257812
88,crane,31.3974,-102.3501,282.02,23,0,1.55,US,1702257540
89,bethel,41.3712,-73.414,289.07,89,100,1.79,US,1702257569
90,buka,40.8108,69.1986,276.42,60,100,1.22,UZ,1702257768
91,stanley,54.868,-1.6985,278.86,96,75,2.57,GB,1702257770
92,al jawf,29.5,38.75,291.55,43,100,3.89,SA,1702257778
93,uturoa,-16.7333,-151.4333,300.2,80,22,10.09,PF,1702257564
94,yendi,9.4427,-0.0099,297.76,15,5,1.11,GH,1702257890
95,bafq,31.6128,55.4107,285.84,23,95,2.37,IR,1702257890
96,buraydah,26.326,43.975,283.4,26,81,3.82,SA,1702257890
97,onguday,50.75,86.15,252.02,90,5,1.41,RU,1702257890
98,xacmaz,41.4635,48.806,278.61,87,100,7.92,AZ,1702257890
99,ushuaia,-54.8,-68.3,280.96,53,0,5.14,AR,1702257666
100,avarua,-21.2078,-159.775,300.18,78,75,12.86,CK,1702257756
101,darwin,-12.4611,130.8418,302.01,79,75,1.03,AU,1702257890
102,lensk,60.7253,114.9278,246.32,92,100,3.94,RU,1702257890
103,malango,-2.9627,119.9001,298.75,71,100,0.84,ID,1702257890
104,manokwari,-0.8667,134.0833,301.21,73,100,2.31,ID,1702257890
105,riberalta,-10.9833,-66.1,299.34,82,100,1.22,BO,1702257776
106,cabo san lucas,22.8909,-109.9124,300.24,52,0,2.06,MX,1702257890
107,arraial do cabo,-22.9661,-42.0278,296.28,79,100,4.45,BR,1702257765
108,klyuchi,52.2667,79.1667,251.42,89,17,2.74,RU,1702257768
109,kibaya,-5.3,36.5667,289.44,97,100,1.47,TZ,1702257890
110,zwedru,6.0667,-8.1281,296.92,94,22,1.06,LR,1702257890
111,la mira,18.035,-102.3266,299.41,70,100,0.45,MX,1702257891
112,holualoa,19.6228,-155.9522,299.06,79,40,2.57,US,1702257785
113,mount gambier,-37.8333,140.7667,288.55,93,100,5.78,AU,1702257891
114,eschwege,51.1833,10.0667,283.11,83,100,7.35,DE,1702257891
115,edd,13.9297,41.6925,299.21,61,5,7.21,ER,1702257811
116,lompoc,34.6391,-120.4579,291.23,57,0,2.06,US,1702257521
117,jamestown,42.097,-79.2353,277.92,90,100,3.6,US,1702257719
118,conceicao do araguaia,-8.2578,-49.2647,296.09,95,100,1.9,BR,1702257891
119,calabozo,8.9242,-67.4293,300.58,60,1,3.0,VE,1702257891
120,igarka,67.4667,86.5833,243.21,98,100,2.45,RU,1702257773
121,nuku'alofa,-21.1333,-175.2,301.34,61,40,3.6,TO,1702257810
122,dukhan,25.4297,50.7858,295.32,59,100,3.58,QA,1702257891
123,buguruslan,53.6554,52.442,247.5,94,85,1.94,RU,1702257891
124,talnakh,69.4865,88.3972,246.04,99,100,4.43,RU,1702257757
125,tual,-5.6667,132.75,302.01,78,58,6.56,ID,1702257891
126,novyy buh,47.6931,32.5216,274.79,100,100,3.05,UA,1702257891
127,alajarvi,63.0,23.8167,260.11,97,78,2.14,FI,1702257891
128,ga-kgapane,-23.6333,30.2167,292.02,96,100,1.96,ZA,1702257892
129,gamay,12.3854,125.2979,300.26,88,100,3.64,PH,1702257892
130,kili,5.6439,169.1211,301.28,81,57,6.2,MH,1702257892
131,quiberon,47.4841,-3.1196,287.7,94,100,3.13,FR,1702257892
132,sierra grande,-41.606,-65.3557,293.19,41,96,3.6,AR,1702257892
133,west island,-12.1568,96.8225,300.14,74,75,4.63,CC,1702257766
134,chonchi,-42.6128,-73.8092,285.99,92,100,1.17,CL,1702257769
135,gargalianoi,37.0667,21.6333,283.35,87,100,3.51,GR,1702257892
136,la sarre,48.8002,-79.1996,266.99,89,98,3.46,CA,1702257892
137,gadzhiyevo,69.2551,33.3362,259.25,91,88,7.06,RU,1702257754
138,ronciglione,42.2904,12.2133,279.4,72,71,0.45,IT,1702257892
139,lata,40.1629,-8.3327,288.19,93,59,1.84,PT,1702257892
140,thompson,55.7435,-97.8558,258.24,85,100,0.0,CA,1702257552
141,jiwani,25.05,61.7417,295.95,53,7,3.77,PK,1702257892
142,ilulissat,69.2167,-51.1,271.16,74,100,5.66,GL,1702257539
143,sao joao da barra,-21.6403,-41.0511,296.19,80,60,2.08,BR,1702257892
144,duong dong,10.2167,103.9667,301.15,83,20,3.6,VN,1702257892
145,la'ie,21.6477,-157.9253,302.62,76,20,2.68,US,1702257819
146,al mawsil al jadidah,36.3346,43.0978,286.3,76,96,1.75,IQ,1702257893
147,ust-nera,64.5667,143.2,252.39,98,100,3.92,RU,1702257777
148,woodward,36.4337,-99.3904,277.72,53,0,4.12,US,1702257893
149,konstantinovka,49.6167,127.9833,249.96,82,1,2.96,RU,1702257893
150,sorong,-0.8833,131.25,301.89,72,65,1.88,ID,1702257893
151,kangding,30.0513,101.9603,278.05,80,87,1.64,CN,1702257893
152,kaspiyskiy,45.3929,47.3707,274.72,85,100,7.66,RU,1702257893
153,lubao,14.9167,120.55,302.99,69,82,3.24,PH,1702257893
154,tazacorte,28.629,-17.9293,294.9,39,0,4.02,ES,1702257818
155,sinabang,2.4803,96.3801,298.73,87,100,1.38,ID,1702257893
156,zouerate,22.7187,-12.4521,291.68,21,0,4.91,MR,1702257687
157,flying fish cove,-10.4217,105.6791,300.97,74,40,4.63,CX,1702257893
158,myshkin,57.7897,38.4545,262.49,93,100,4.85,RU,1702257893
159,filadelfia,39.9523,-75.1638,290.46,95,100,5.14,US,1702257780
160,slave lake,55.2834,-114.769,273.14,59,100,7.72,CA,1702257893
161,white river,-25.3318,31.0117,291.64,99,100,0.61,ZA,1702257893
162,oranjemund,-28.55,16.4333,288.82,94,4,3.47,NA,1702257893
163,alofi,-19.0595,-169.9187,298.09,94,100,3.09,NU,1702257893
164,nar'yan-mar,67.6713,53.087,250.43,91,100,4.92,RU,1702257894
165,east london,-33.0153,27.9116,289.43,76,100,1.93,ZA,1702257877
166,nizamabad,18.6667,78.1167,290.33,66,91,1.53,IN,1702257894
167,kristiansund,63.1115,7.732,273.51,74,40,2.57,NO,1702257894
168,keila,59.3036,24.4131,267.61,73,75,3.6,EE,1702257894
169,sinop,41.7711,34.8709,279.17,82,100,3.22,TR,1702257894
170,le port,-20.9373,55.2919,297.15,91,35,2.8,RE,1702257894
171,general levalle,-34.0147,-63.9241,294.61,40,0,4.94,AR,1702257894
172,richards bay,-28.783,32.0377,292.35,93,100,4.3,ZA,1702257894
173,port isabel,26.0734,-97.2086,287.05,59,0,0.0,US,1702257871
174,anadyr,64.75,177.4833,246.48,82,20,5.0,RU,1702257764
175,dul'durga,50.6761,113.5931,244.53,94,7,0.88,RU,1702257894
176,verkhnevilyuysk,63.4453,120.3167,244.21,96,99,3.07,RU,1702257894
177,makoua,0.0069,15.6333,296.41,95,100,1.06,CG,1702257894
178,kirakira,-10.4544,161.9205,300.81,82,92,0.62,SB,1702257570
179,antofagasta,-23.65,-70.4,291.75,78,10,1.04,CL,1702257894
180,palikir - national government center,6.9248,158.1611,304.62,70,100,5.14,FM,1702257895
181,alice springs,-23.7,133.8833,290.9,39,100,4.63,AU,1702257895
182,eyl,7.9803,49.8164,297.56,77,57,6.9,SO,1702257895
183,karratha,-20.7377,116.8463,302.21,18,6,10.11,AU,1702257758
184,kokopo,-4.352,152.2633,298.87,86,100,2.19,PG,1702257818
185,oltinko'l,40.8011,72.1634,277.57,56,100,1.18,UZ,1702257895
186,taltal,-25.4,-70.4833,290.39,81,83,1.23,CL,1702257895
187,prince albert,53.2001,-105.7677,270.12,80,75,6.69,CA,1702257895
188,port lincoln,-34.7333,135.8667,290.41,93,100,6.92,AU,1702257895
189,yerofey pavlovich,53.9667,121.9667,243.34,84,10,1.19,RU,1702257895
190,chegdomyn,51.1167,133.0167,247.28,85,64,1.3,RU,1702257794
191,tamanrasset,22.785,5.5228,286.1,28,0,4.63,DZ,1702257769
192,dossor,47.5272,52.9811,264.83,27,100,7.59,KZ,1702257895
193,ciudad melchor muzquiz,27.8833,-101.5167,284.34,32,0,3.77,MX,1702257895
194,la ronge,55.1001,-105.2842,269.29,74,100,2.57,CA,1702257895
195,port augusta,-32.5,137.7667,294.02,64,100,6.7,AU,1702257895
196,urangan,-25.3,152.9,298.82,73,100,2.68,AU,1702257896
197,beloyarskiy,63.7119,66.6722,238.15,100,44,1.34,RU,1702257790
198,gunjur,13.2019,-16.7339,296.19,73,0,2.06,GM,1702257896
199,celestun,20.8667,-90.4,296.85,84,100,9.47,MX,1702257896
200,minas de marcona,-15.2119,-75.1103,289.25,77,92,4.56,PE,1702257896
201,wucheng,29.6008,118.175,287.93,95,100,2.37,CN,1702257896
202,freetown,8.484,-13.2299,299.63,79,67,2.33,SL,1702257756
203,pakur,24.6333,87.85,288.46,42,0,2.12,IN,1702257896
204,emerald,-23.5333,148.1667,296.37,66,100,7.17,AU,1702257896
205,polyarnyy,69.1989,33.4478,260.14,89,83,7.3,RU,1702257564
206,kapa'a,22.0752,-159.319,300.33,78,20,4.12,US,1702257576
207,kalmunai,7.4167,81.8167,298.18,88,95,2.05,LK,1702257897
208,lamu,-2.2717,40.902,299.4,84,11,3.75,KE,1702257897
209,port saint john's,-31.6229,29.5448,291.26,86,100,0.73,ZA,1702257897
210,newman,37.3138,-121.0208,286.64,45,100,0.89,US,1702257807
211,uyar,55.81,94.3153,237.62,100,77,0.89,RU,1702257897
212,tofol,5.3248,163.0078,302.03,79,75,3.09,FM,1702257540
213,morteros,-30.7116,-61.9986,295.38,60,0,3.72,AR,1702257897
214,orichi,58.4036,49.0572,249.29,91,100,3.17,RU,1702257897
215,la maddalena,41.2142,9.4083,288.24,77,52,11.69,IT,1702257897
216,lerwick,60.1545,-1.1494,280.15,74,100,5.69,GB,1702257783
217,khanbari,27.3747,87.2039,283.72,67,3,1.24,NP,1702257897
218,antsiranana,-12.2787,49.2917,298.78,85,97,5.67,MG,1702257897
219,hotan,37.0997,79.9269,272.71,36,100,4.56,CN,1702257786
220,novyye lyady,58.0536,56.6039,239.94,99,17,1.6,RU,1702257897
221,fort bragg,35.139,-79.006,292.06,94,100,4.12,US,1702257645
222,magumeri,12.1131,12.8274,291.62,36,10,4.69,NG,1702257897
223,el-tor,28.2364,33.6254,290.23,59,0,2.57,EG,1702257898
224,palmer,42.1584,-72.3287,288.9,84,100,6.69,US,1702257596
225,kiama,-34.6833,150.8667,301.69,72,100,2.94,AU,1702257898
226,shakhtersk,48.0625,38.5167,272.02,94,100,6.1,UA,1702257898
227,katabu,-4.9333,122.5167,301.71,76,100,3.12,ID,1702257898
228,kyaikto,17.3,97.0167,298.02,86,6,1.55,MM,1702257898
229,guerrero negro,27.9769,-114.0611,293.13,39,0,3.56,MX,1702257898
230,burang,30.25,81.1667,259.49,38,0,1.48,CN,1702257898
231,namibe,-15.1961,12.1522,295.06,78,86,3.15,AO,1702257755
232,ta`u,-14.2336,-169.5144,298.16,92,100,7.89,AS,1702257817
233,ironwood,46.4547,-90.171,268.05,86,100,3.09,US,1702257898
234,karakol,42.4907,78.3936,267.5,73,100,2.3,KG,1702257898
235,puerto armuelles,8.2833,-82.8667,302.64,73,65,3.13,PA,1702257717
236,dudinka,69.4058,86.1778,246.27,97,100,5.36,RU,1702257764
237,yaren,-0.5472,166.916,301.74,73,56,0.75,NR,1702257898
238,al ghayzah,16.2079,52.176,295.39,67,8,2.91,YE,1702257898
239,punta arenas,-53.15,-70.9167,281.21,61,0,1.54,CL,1702257899
240,kayangel,8.0823,134.7173,301.82,79,14,7.2,PW,1702257899
241,kyren,51.6828,102.1408,248.12,91,18,0.45,RU,1702257899
242,san antonio de pale,-1.4014,5.6325,300.52,79,100,5.85,GQ,1702257899
243,shanyang,26.6702,119.2051,294.01,74,30,0.99,CN,1702257899
244,lihue,21.9789,-159.3672,299.92,77,20,4.12,US,1702257804
245,cidade velha,14.9167,-23.6167,296.41,78,20,3.09,CV,1702257899
246,howrah,22.5892,88.3103,289.15,88,0,0.0,IN,1702257882
247,jining,35.405,116.5814,272.06,91,100,5.36,CN,1702257866
248,touros,-5.1989,-35.4608,300.15,65,59,4.55,BR,1702257811
249,berezovyy,51.6667,135.7,251.08,56,4,3.48,RU,1702257899
250,coxim,-18.5067,-54.76,297.23,88,100,3.83,BR,1702257786
251,castillos,-34.1667,-53.8333,288.82,96,5,2.31,UY,1702257899
252,nguigmi,14.2495,13.1092,291.21,32,93,7.35,NE,1702257899
253,cooper's town,26.8667,-77.5167,297.82,87,30,9.36,BS,1702257899
254,east ballina,-28.8667,153.5833,301.93,58,62,4.24,AU,1702257899
255,feijo,-8.1642,-70.3536,297.78,92,100,0.95,BR,1702257899
256,nizhnyaya maktama,54.8636,52.4281,246.61,97,100,1.73,RU,1702257900
257,new norfolk,-42.7826,147.0587,296.32,25,18,1.2,AU,1702257900
258,kudat,6.8837,116.8477,299.11,94,40,1.54,MY,1702257900
259,brisas de zicatela,15.8369,-97.0419,300.44,61,0,1.54,MX,1702257900
260,sitka,57.0531,-135.33,276.09,81,75,2.57,US,1702257772
261,pimentel,-6.8367,-79.9342,294.31,78,0,7.72,PE,1702257900
262,rabak,13.1809,32.74,298.17,22,4,4.21,SD,1702257900
263,seybaplaya,19.65,-90.6667,296.85,84,100,8.67,MX,1702257900
264,vadso,70.0744,29.7487,262.24,92,100,10.29,NO,1702257789
265,solone,48.2081,34.8721,273.91,96,100,3.8,UA,1702257900
266,sao vicente,-23.9631,-46.3919,296.63,26,100,3.3,BR,1702257874
267,hajduszoboszlo,47.45,21.4,273.21,100,75,4.12,HU,1702257900
268,daru,-9.0763,143.2092,299.51,78,100,3.3,PG,1702257795
269,riachao das neves,-11.7461,-44.91,298.11,61,18,0.56,BR,1702257900
270,macgregor,49.9661,-98.7794,263.57,84,34,1.34,CA,1702257900
271,tulun,54.5611,100.5792,235.29,100,54,0.36,RU,1702257900
272,ceres,37.5949,-120.9577,285.12,65,0,2.57,US,1702257900
273,rongelap,11.1635,166.8941,300.49,78,100,9.18,MH,1702257595
274,kisarawe,-6.9,39.0667,295.91,95,100,0.98,TZ,1702257901
275,tan-tan,28.438,-11.1032,295.46,27,100,4.61,MA,1702257901
276,gereida,11.2811,25.1414,297.49,17,100,3.25,SD,1702257779
277,pont rouge,48.8833,-72.0825,276.31,89,100,2.3,CA,1702257901
278,andkhoy,36.9529,65.1238,284.07,37,94,3.21,AF,1702257901
279,east grand forks,47.93,-97.0245,266.28,93,100,4.63,US,1702257901
280,iskateley,67.6803,53.1512,250.38,91,100,4.92,RU,1702257776
281,lisala,2.15,21.5167,295.83,83,93,0.31,CD,1702257901
282,isafjordur,66.0755,-23.124,269.82,94,95,2.87,IS,1702257543
283,kruisfontein,-34.0033,24.7314,286.97,92,0,1.48,ZA,1702257901
284,jamaame,0.0697,42.745,299.08,81,14,3.6,SO,1702257901
285,wenling,28.3669,121.36,291.5,84,0,0.68,CN,1702257901
286,whitburn,54.9533,-1.3686,280.46,93,100,9.18,GB,1702257901
287,fale old settlement,-9.3852,-171.2468,301.82,78,95,6.31,TK,1702257901
288,san patricio,28.017,-97.5169,286.39,27,0,2.16,US,1702257853
289,mili,6.0815,171.735,300.51,85,100,7.23,MH,1702257902
290,gonda city,27.1333,81.9333,285.4,39,1,1.53,IN,1702257902
291,lushun,38.8,121.2667,268.27,67,100,13.11,CN,1702257902
292,nemuro,43.3236,145.575,273.6,48,28,6.5,JP,1702257762
293,acapulco de juarez,16.8634,-99.8901,301.05,83,75,1.54,MX,1702257780
294,beberibe,-4.1797,-38.1306,299.6,75,14,5.48,BR,1702257902
295,smithers,54.7804,-127.1743,268.33,93,75,2.06,CA,1702257805
296,bayganin,48.6947,55.8742,257.23,69,0,7.06,KZ,1702257861
297,santa terezinha,-29.9002,-50.0904,292.94,95,100,7.15,BR,1702257902
298,vilyuchinsk,52.9306,158.4028,275.3,93,100,2.03,RU,1702257781
299,la passe,45.5549,-0.8967,289.28,88,100,10.74,FR,1702257804
300,katutura,-22.521,17.0557,293.65,36,0,1.79,NA,1702257903
301,vernon,50.2581,-119.2691,277.76,90,100,1.54,CA,1702257508
302,grivenskaya,45.6473,38.176,279.36,91,100,3.42,RU,1702257903
303,christchurch,-43.5333,172.6333,296.78,45,9,8.23,NZ,1702257778
304,ballina,-28.8667,153.5667,301.92,57,59,4.23,AU,1702257903
305,buala,-8.145,159.5921,302.54,68,50,0.83,SB,1702257903
306,arkhipo-osipovka,44.37,38.52,282.39,91,100,4.18,RU,1702257903
307,mejit,10.2753,170.8646,300.37,74,100,8.92,MH,1702257793
308,cam ranh,11.9214,109.1591,300.13,74,0,3.09,VN,1702257903
309,plettenberg bay,-34.0527,23.3716,288.08,86,0,1.61,ZA,1702257903
310,nova vicosa,-17.8919,-39.3719,297.89,84,5,3.17,BR,1702257904
311,neyriz,29.1988,54.3278,282.13,31,100,0.62,IR,1702257904
312,metahara,8.9,39.9167,291.69,51,4,0.43,ET,1702257904
313,lebu,-37.6167,-73.65,286.06,87,100,8.61,CL,1702257558
314,pemangkat,1.1667,108.9667,299.82,83,99,1.86,ID,1702257904
315,north battleford,52.7834,-108.2847,271.71,80,100,2.57,CA,1702257904
316,brookings,44.3114,-96.7984,269.15,88,0,0.0,US,1702257904
317,mogocha,53.7333,119.7667,240.35,89,5,1.15,RU,1702257904
318,mata-utu,-13.2816,-176.1745,301.5,76,100,6.64,WF,1702257904
319,kenai,60.5544,-151.2583,268.79,92,100,15.43,US,1702257581
320,aasiaat,68.7098,-52.8699,269.54,89,100,6.09,GL,1702257773
321,pangkalanbuun,-2.6833,111.6167,300.0,85,100,0.61,ID,1702257904
322,pandan,14.0453,124.1694,301.52,79,68,4.69,PH,1702257801
323,corinto,37.9407,22.9573,284.2,91,100,0.72,GR,1702257905
324,padangsidempuan,1.3667,99.2667,296.84,95,100,0.53,ID,1702257905
325,manta,-0.95,-80.7333,299.03,73,40,6.17,EC,1702257655
326,batticaloa,7.7102,81.6924,298.57,86,97,2.08,LK,1702257905
327,wittenbach,47.4631,9.3776,281.36,81,75,2.57,CH,1702257905
328,byron,44.0327,-92.6455,268.31,84,100,1.54,US,1702257905
329,curillo,1.0333,-75.9191,296.08,96,77,0.85,CO,1702257905
330,kendari,-3.945,122.4989,302.18,71,100,0.85,ID,1702257905
331,hede,33.7681,120.2517,280.49,85,100,9.26,CN,1702257905
332,vilhena,-12.7406,-60.1458,293.7,95,100,2.06,BR,1702257906
333,ust'-barguzin,53.45,108.9833,246.85,99,100,3.01,RU,1702257906
334,utrik,11.2278,169.8474,300.31,77,100,8.79,MH,1702257772
335,bechar,31.6167,-2.2167,285.79,42,45,1.29,DZ,1702257906
336,balykchy,42.4557,76.1861,274.27,48,94,2.08,KG,1702257906
337,puerto deseado,-47.7503,-65.8938,290.6,52,99,4.68,AR,1702257906
338,papao,-17.75,-149.55,303.97,83,41,12.39,PF,1702257807
339,sardinata,8.0829,-72.8007,301.97,87,100,1.51,CO,1702257906
340,port blair,11.6667,92.75,298.17,94,20,1.03,IN,1702257906
341,akjoujt,19.6969,-14.4164,294.81,20,0,5.45,MR,1702257906
342,hailar,49.2,119.7,237.69,100,57,2.08,CN,1702257855
343,fortuna,40.5982,-124.1573,286.47,83,100,0.0,US,1702257769
344,freeport,40.6576,-73.5832,290.03,92,100,11.32,US,1702257907
345,tobruk,32.0836,23.9764,288.01,67,95,6.56,LY,1702257907
346,ardestan,33.3761,52.3694,284.33,38,100,1.44,IR,1702257907
347,balaka,-14.9793,34.9558,296.85,73,100,2.07,MW,1702257907
348,mutsu,41.2894,141.2169,275.78,59,100,6.88,JP,1702257907
349,codrington,-38.2667,141.9667,291.7,72,100,6.97,AU,1702257763
350,pyt-yakh,60.7499,72.8582,239.01,99,7,1.12,RU,1702257907
351,st. john's,47.5649,-52.7093,272.12,91,0,3.6,CA,1702257898
352,laojunmiao,39.8333,97.7333,269.2,54,74,2.29,CN,1702257908
353,pacasmayo,-7.4006,-79.5714,293.84,79,37,6.18,PE,1702257908
354,novelda,38.3848,-0.7677,288.72,70,0,3.35,ES,1702257908
355,dingcheng,32.1272,115.0394,275.2,81,100,5.76,CN,1702257908
356,susuman,62.7833,148.1667,248.7,99,86,2.24,RU,1702257908
357,cockburn town,21.4612,-71.1419,299.13,69,40,6.69,TC,1702257908
358,messaad,34.1543,3.5031,285.15,54,6,2.02,DZ,1702257909
359,kingston,17.997,-76.7936,301.68,76,20,7.72,JM,1702257812
360,wotje,9.4543,170.2367,300.53,78,85,9.88,MH,1702257909
361,jiaojiang,28.6803,121.4428,293.71,80,0,0.24,CN,1702257909
362,gaiman,-43.2897,-65.4929,295.79,34,95,12.12,AR,1702257909
363,wynyard,-41.0,145.7167,293.77,47,100,3.38,AU,1702257784
364,keyser,39.4409,-78.9739,279.78,92,100,1.34,US,1702257909
365,mount pleasant,32.7941,-79.8626,292.23,97,75,6.17,US,1702257753
366,flin flon,54.7682,-101.865,263.42,92,100,3.47,CA,1702257820
367,nishinoomote,30.7333,131.0,291.46,100,75,5.66,JP,1702257763
368,amos,48.5669,-78.1162,267.41,93,90,2.79,CA,1702257909
369,fukuecho,32.6881,128.8419,290.35,88,75,4.63,JP,1702257774
370,nuuk,64.1835,-51.7216,270.49,74,75,1.54,GL,1702257766
371,phan rang-thap cham,11.5667,108.9833,298.86,72,100,2.42,VN,1702257910
372,kaga bandoro,6.9896,19.1874,295.62,39,100,1.08,CF,1702257910
373,guiuan,11.0333,125.7247,301.4,78,100,5.45,PH,1702257802
374,faro,37.0194,-7.9322,288.69,100,0,3.09,PT,1702257910
375,i-n-salah,27.1935,2.4607,286.7,56,0,5.41,DZ,1702257765
376,geraldton,-28.7667,114.6,303.38,12,0,11.32,AU,1702257812
377,colonia general alfredo stroessner,-25.3667,-55.7,293.94,94,61,0.43,PY,1702257910
378,ixtapa,20.7,-105.2,299.39,83,100,2.06,MX,1702257910
379,robore,-18.3333,-59.75,298.7,73,100,1.32,BO,1702257910
380,suntar,62.1444,117.6319,245.17,95,100,2.96,RU,1702257910
381,lincoln city,44.9582,-124.0179,286.32,96,100,0.45,US,1702257911
382,saudarkrokur,65.7461,-19.6394,270.57,88,100,4.7,IS,1702257762
383,hithadhoo,-0.6,73.0833,300.95,76,99,1.92,MV,1702257687
384,sisimiut,66.9395,-53.6735,269.19,81,100,5.15,GL,1702257545
385,nagqu,31.5,92.0,259.08,47,0,1.78,CN,1702257785
386,bamboo flat,11.7,92.7167,298.2,94,20,1.03,IN,1702257911
387,mazamari,-11.3258,-74.5308,295.79,87,79,1.05,PE,1702257911
388,vila franca do campo,37.7167,-25.4333,291.42,99,100,4.65,PT,1702257911
389,dhuusamarreeb,5.535,46.3861,297.13,82,11,5.59,SO,1702257911
390,sodo,6.8642,37.7628,286.88,60,46,1.92,ET,1702257911
391,north bend,43.4065,-124.2243,286.57,100,100,3.09,US,1702257646
392,aykhal,66.0,111.5,245.49,99,100,2.33,RU,1702257775
393,muroto-misakicho,33.2833,134.15,289.8,74,100,6.5,JP,1702257912
394,valparaiso,-33.0393,-71.6273,287.95,94,40,2.57,CL,1702257718
395,zvishavane,-20.3267,30.0665,292.49,91,93,3.74,ZW,1702257912
396,leshan,29.5623,103.7639,286.73,82,100,1.07,CN,1702257912
397,haiku-pauwela,20.9219,-156.3051,303.16,59,40,6.17,US,1702257546
398,alesund,62.4723,6.1549,276.23,75,100,7.2,NO,1702257672
399,broken hill,-31.95,141.4333,306.81,24,100,7.3,AU,1702257912
400,jwaneng,-24.6004,24.7303,290.93,82,100,4.76,BW,1702257912
401,aldinga beach,-35.2793,138.4604,297.84,69,97,5.51,AU,1702257912
402,chulym,55.0997,80.9572,246.74,94,91,3.26,RU,1702257912
403,bargi,22.9833,79.8667,287.56,71,0,0.97,IN,1702257912
404,tommot,58.9564,126.2925,245.16,92,100,4.71,RU,1702257913
405,semporna,4.4818,118.6112,300.2,85,65,2.6,MY,1702257774
406,bereznik,62.8551,42.7072,258.77,93,100,5.11,RU,1702257781
407,parry sound,45.3501,-80.033,275.18,93,100,2.76,CA,1702257618
408,paka,4.6374,103.4368,298.11,100,40,0.51,MY,1702257913
409,pahrump,36.2083,-115.9839,283.29,23,100,0.45,US,1702257834
410,praia da vitoria,38.7333,-27.0667,290.79,77,20,6.08,PT,1702257913
411,qui nhon,13.7667,109.2333,297.46,80,30,1.54,VN,1702257913
412,portland,45.5234,-122.6762,285.53,95,100,3.13,US,1702257711
413,vengerovo,55.6848,76.7471,246.13,99,87,3.51,RU,1702257913
414,selibaby,15.159,-12.1829,297.35,17,15,6.06,MR,1702257914
415,huarmey,-10.0681,-78.1522,293.53,84,99,4.54,PE,1702257758
416,gryazovets,58.88,40.2525,259.37,91,100,5.13,RU,1702257914
417,capo d'orlando,38.1435,14.7305,288.91,71,48,5.54,IT,1702257914
418,wau,7.7029,27.9953,298.8,29,100,0.79,SS,1702257914
419,revda,56.801,59.9303,238.66,100,80,1.05,RU,1702257914
420,zhangjiakou,40.81,114.8794,266.85,91,95,0.85,CN,1702257914
421,taoudenni,22.6783,-3.9836,291.04,26,100,7.38,ML,1702257806
422,tralee,52.2704,-9.7026,282.33,88,25,5.58,IE,1702257760
423,fairhope,30.523,-87.9033,284.1,65,0,4.12,US,1702257914
424,westport,41.1415,-73.3579,289.59,91,100,7.72,US,1702257807
425,timbuktu,16.7735,-3.0074,292.75,19,6,5.04,ML,1702257805
426,humaita,-7.5061,-63.0208,299.0,83,51,1.1,BR,1702257854
427,shimoda,34.6667,138.95,289.35,61,100,3.7,JP,1702257915
428,coron,11.9986,120.2043,302.38,66,92,3.02,PH,1702257805
429,wundanyi,-3.4019,38.364,289.6,93,43,1.05,KE,1702257915
430,menzelinsk,55.7271,53.1026,241.05,100,100,1.34,RU,1702257915
431,orel,52.9658,36.0803,265.82,95,100,4.9,RU,1702257915
432,malindi,-3.2175,40.1191,299.47,83,17,2.9,KE,1702257915
433,grand island,40.925,-98.342,276.64,59,0,2.06,US,1702257915
434,bodaybo,57.8506,114.1933,243.03,98,100,0.21,RU,1702257915
435,port douglas,-16.4833,145.4667,302.85,57,26,3.67,AU,1702257821
436,lagoa,39.05,-27.9833,289.5,74,100,11.86,PT,1702257915
437,puerto baquerizo moreno,-0.9,-89.6,297.07,87,29,4.65,EC,1702257804
438,bosaso,11.2842,49.1816,297.16,75,0,1.64,SO,1702257916
439,ustka,54.5805,16.8619,275.18,99,100,5.71,PL,1702257916
440,colonia,50.9333,6.95,284.85,76,20,5.14,DE,1702257747
441,kursk,51.7303,36.1939,269.37,76,100,5.0,RU,1702257916
442,colac,-38.3333,143.5833,289.72,77,100,4.87,AU,1702257916
443,watsa,3.0372,29.5355,292.51,82,98,0.88,CD,1702257916
444,hadibu,12.65,54.0333,297.45,72,13,5.03,YE,1702257817
445,sungai raya,0.7,108.9,299.34,88,93,2.22,ID,1702257916
446,tymovskoye,50.8456,142.655,253.44,89,100,1.83,RU,1702257916
447,vilyuysk,63.7553,121.6247,243.94,97,100,3.3,RU,1702257916
448,jilib,0.4883,42.7854,297.52,87,13,2.09,SO,1702257916
449,princeville,45.7668,-61.2985,280.76,95,100,3.09,CA,1702257916
450,jieshi,22.8134,115.8257,296.22,83,9,2.01,CN,1702257917
451,tomatlan,19.9333,-105.25,297.82,68,100,0.17,MX,1702257917
452,xicotencatl,23.0167,-98.8833,289.01,36,89,1.46,MX,1702257917
453,sechura,-5.5569,-80.8222,295.75,71,0,7.47,PE,1702257814
454,wellington,-41.2866,174.7756,292.36,55,15,10.29,NZ,1702257917
455,waingapu,-9.6567,120.2641,303.62,65,100,3.79,ID,1702257917
456,santiago,-33.4569,-70.6483,294.18,58,0,6.17,CL,1702257660
457,general mosconi,-23.1851,-62.303,296.37,79,97,1.47,AR,1702257917
458,inari,68.906,27.0288,259.26,91,100,4.44,FI,1702257765
459,tromso,69.6496,18.957,270.16,63,100,7.2,NO,1702257918
460,mgandu,-5.95,34.1333,290.29,94,100,3.16,TZ,1702257918
461,zaozersk,69.4005,32.4476,257.72,92,77,6.07,RU,1702257797
462,plastun,44.7561,136.2939,258.74,44,0,3.34,RU,1702257785
463,port macquarie,-31.4333,152.9167,301.42,54,0,6.37,AU,1702257767
464,birao,10.2849,22.7882,296.02,26,87,1.41,CF,1702257918
465,ulsteinvik,62.3432,5.8487,276.22,90,11,0.45,NO,1702257918
466,akureyri,65.6835,-18.0878,262.11,85,0,0.0,IS,1702257778
467,midland,31.9974,-102.0779,281.75,28,0,3.6,US,1702257918
468,thief river falls,48.1191,-96.1812,266.11,100,100,2.57,US,1702257918
469,badr hunayn,23.7829,38.7905,296.73,64,14,0.97,SA,1702257919
470,saint-francois,46.4154,3.9054,287.84,84,100,4.12,FR,1702257919
471,kouvola,60.8667,26.7,264.03,92,100,4.12,FI,1702257919
472,ketchikan,55.3422,-131.6461,277.14,86,0,0.0,US,1702257919
473,sola,-13.8833,167.55,299.53,72,100,9.65,VU,1702257812
474,maicao,11.3832,-72.2432,299.91,77,15,7.0,CO,1702257919
475,andalgala,-27.5819,-66.3165,296.51,57,36,3.68,AR,1702257919
476,uliastay,47.7417,96.8444,249.58,79,3,2.9,MN,1702257919
477,pisco,-13.7,-76.2167,293.18,77,0,6.69,PE,1702257777
478,dadiya,9.6167,11.4333,293.68,26,0,2.24,NG,1702257919
479,el reten,10.6114,-74.2682,300.49,58,89,0.72,CO,1702257919
480,kachkanar,58.7,59.4948,236.67,100,100,1.13,RU,1702257919
481,port-vila,-17.7338,168.3219,301.93,51,75,5.66,VU,1702257645
482,greymouth,-42.4667,171.2,288.01,59,10,4.65,NZ,1702257920
483,antalaha,-14.9003,50.2788,296.37,89,85,2.41,MG,1702257920
484,ostrogozhsk,50.8664,39.0756,268.75,95,100,5.56,RU,1702257920
485,saldanha,-33.0117,17.9442,287.18,88,0,6.29,ZA,1702257771
486,tazovsky,67.4667,78.7,248.08,97,100,4.69,RU,1702257782
487,carnarvon,-24.8667,113.6333,302.72,24,0,9.07,AU,1702257577
488,sao geraldo do araguaia,-6.4006,-48.555,296.8,94,100,1.67,BR,1702257920
489,zinjibar,13.1287,45.3807,297.22,76,1,4.54,YE,1702257920
490,sovetskaya gavan',48.9723,140.2878,251.54,72,1,8.39,RU,1702257920
491,san rafael,-34.6177,-68.3301,301.55,27,26,7.47,AR,1702257920
492,catumbela,-12.4314,13.5472,299.1,84,100,1.89,AO,1702257920
493,yangiobod,41.1192,70.0941,275.83,63,100,1.46,UZ,1702257920
494,lautoka,-17.6167,177.4667,303.07,42,40,7.2,FJ,1702257921
495,porto santo stefano,42.4338,11.1237,279.94,71,34,4.21,IT,1702257921
496,vad,55.5301,44.2114,259.01,95,100,5.83,RU,1702257921
497,whitecourt,54.1502,-115.6855,275.73,69,75,2.06,CA,1702257917
498,howard springs,-12.497,131.047,301.97,82,12,2.32,AU,1702257921
499,myeik,12.4333,98.6,298.89,83,46,1.65,MM,1702257791
500,vanimo,-2.6741,141.3028,302.58,71,99,2.44,PG,1702257814
501,kongolo,-5.3833,27.0,294.61,99,100,0.94,CD,1702257921
502,kharan,28.5833,65.4167,284.94,26,0,1.39,PK,1702257921
503,wenshui,28.4506,106.5267,283.92,91,100,0.73,CN,1702257921
504,tailai,46.3833,123.4,255.14,67,9,0.72,CN,1702257922
505,oakdale,44.963,-92.9649,268.83,85,100,2.57,US,1702257922
506,tongouson,5.0214,120.1328,300.8,77,100,2.36,PH,1702257922
507,walvis bay,-22.9575,14.5053,289.87,77,47,3.6,NA,1702257922
508,torres,-29.3353,-49.7269,294.72,94,100,6.43,BR,1702257922
509,bensonville,6.4461,-10.6125,297.9,91,49,1.05,LR,1702257922
510,itoman,26.1247,127.6694,299.58,78,75,4.63,JP,1702257922
511,kawm umbu,24.4767,32.9463,294.33,56,100,2.76,EG,1702257922
512,harrismith,-28.2728,29.1295,284.97,97,100,3.47,ZA,1702257922
513,jose maria morelos,23.3952,-103.8984,285.9,51,63,1.52,MX,1702257922
514,weno,7.4515,151.8468,304.12,70,75,3.6,FM,1702257769
515,pemagatshel,27.038,91.4031,281.32,90,5,2.12,BT,1702257923
516,toliara,-23.35,43.6667,298.13,75,0,2.38,MG,1702257788
517,sao jose da coroa grande,-8.8978,-35.1478,298.73,78,3,3.06,BR,1702257923
518,xuchang,34.0167,113.8167,270.48,92,100,6.0,CN,1702257923
519,sikasso,10.9167,-7.0,295.72,15,100,1.9,ML,1702257923
520,tucuma,-0.1833,-50.05,299.5,83,61,3.75,BR,1702257923
521,castelli,-25.9468,-60.6195,294.41,69,0,2.07,AR,1702257923
522,kerikeri,-35.2268,173.9474,294.02,60,100,2.05,NZ,1702257774
523,floro,61.5996,5.0328,278.69,65,33,5.14,NO,1702257923
524,charlottetown,46.2352,-63.1267,278.46,100,100,6.69,CA,1702257830
525,malabar,-33.9667,151.25,306.03,70,20,5.66,AU,1702257792
526,grand falls-windsor,48.9332,-55.6649,272.32,90,100,4.17,CA,1702257923
527,khamis mushait,18.3064,42.7292,281.49,36,0,0.0,SA,1702257923
528,byron bay,-28.65,153.6167,301.88,55,44,3.94,AU,1702257924
529,superior,46.7208,-92.1041,269.24,82,100,3.6,US,1702257822
530,zeya,53.75,127.2667,247.31,76,5,2.31,RU,1702257924
531,victoriaville,46.0501,-71.9658,275.64,100,100,1.12,CA,1702257924
532,natal,-5.795,-35.2094,299.51,78,20,3.6,BR,1702257815
533,nyala,12.05,24.8833,297.26,17,100,3.72,SD,1702257924
534,turkestan,43.3333,68.25,272.1,31,100,0.7,KZ,1702257924
535,san juan del cesar,10.7711,-73.0031,298.3,82,5,2.2,CO,1702257924
536,berberati,4.2612,15.7922,295.8,72,100,0.53,CF,1702257924
537,san jose de las matas,19.3391,-70.9382,293.98,89,11,3.75,DO,1702257924
538,baoding,38.8511,115.4903,269.57,89,100,0.64,CN,1702257925
539,san jose del guaviare,2.5729,-72.6459,296.58,96,9,0.7,CO,1702257925
540,vlore,40.4667,19.4897,281.87,74,7,3.53,AL,1702257925
541,al burayqah,30.4062,19.5739,291.99,60,38,8.29,LY,1702257925
542,broome,42.2506,-75.833,277.58,95,100,6.17,US,1702257925
543,morant bay,17.8815,-76.4093,301.94,83,18,5.21,JM,1702257925
544,sunne,59.8376,13.143,272.33,96,100,3.78,SE,1702257913
545,yeraliyev,43.2,51.65,272.15,90,100,4.22,KZ,1702257925
546,puerto lempira,15.2667,-83.7667,298.55,92,29,4.52,HN,1702257925
547,lauro de freitas,-12.8944,-38.3272,300.16,69,20,5.14,BR,1702257724
548,waddan,29.1614,16.139,286.1,77,12,6.19,LY,1702257925
549,twin rivers,40.264,-74.4913,290.56,90,100,3.58,US,1702257925
550,kununurra,-15.7667,128.7333,303.14,45,30,5.66,AU,1702257567
551,rikaze,29.25,88.8833,269.61,39,0,2.01,CN,1702257547
552,la libertad,-2.2333,-80.9,297.34,82,41,3.92,EC,1702257926
553,saipan,15.1355,145.701,303.54,74,0,5.66,MP,1702257765
554,masterton,-40.9597,175.6575,290.31,39,0,3.11,NZ,1702257926
555,kavaratti,10.5669,72.642,301.71,72,100,2.81,IN,1702257774
556,tarakan,3.3,117.6333,300.87,100,75,2.57,ID,1702257926
557,annaba,36.9,7.7667,285.13,87,0,3.6,DZ,1702257926
558,fort st. john,56.2499,-120.8529,268.09,74,20,2.57,CA,1702257926
559,ulanhot,46.0833,122.0833,253.78,59,33,1.67,CN,1702257926
560,vila velha,-20.3297,-40.2925,297.56,83,75,1.03,BR,1702257714
561,kani keli,-12.9536,45.1033,301.74,76,25,7.03,YT,1702257926
562,gogrial,8.5332,28.1004,299.06,26,100,2.29,SS,1702257926
563,coahuayana de hidalgo,18.7,-103.6583,299.29,68,100,0.67,MX,1702257926
564,nizhnesortymskiy,62.4397,71.7603,233.81,100,40,1.14,RU,1702257927
565,orsa,54.5153,30.4053,270.28,96,100,4.89,BY,1702257927
566,malinyi,-8.9333,36.1333,295.1,98,94,0.75,TZ,1702257927
567,pelabuhanratu,-6.9875,106.5514,300.35,80,51,1.94,ID,1702257927
568,grand-bassam,5.2118,-3.7388,301.13,83,9,3.05,CI,1702257927
569,auki,-8.7676,160.7034,302.47,69,38,2.15,SB,1702257927
